body,phase,phase_timesteps,lineage_timesteps,mean_return,std_return,min_return,max_return,mean_steps,mean_displacement,mean_speed,mean_final_x,mean_max_x,mean_obstacles_cleared,mean_obstacle_fraction,success_rate
Layered body (10 actuators),movable_training_v5_rechecked,0,0,5.738237941216888,0.0,5.738237941216888,5.738237941216888,1200.0,0.5361112372817864,0.0004467593644014887,0.9861112372817864,2.819357556452651,2.0,0.2857142857142857,0.0
Layered body (10 actuators),movable_training_v5_rechecked,5000,5000,2.2490585834272174,0.0,2.2490585834272174,2.2490585834272174,1200.0,-0.2470496236368585,-0.00020587468636404875,0.2029503763631415,1.8495097198426145,1.0,0.14285714285714285,0.0
Layered body (10 actuators),movable_training_v5_rechecked,10000,10000,1.7091948200083822,0.0,1.7091948200083822,1.7091948200083822,1200.0,0.7867900689715612,0.0006556583908096344,1.2367900689715612,1.3866647893357698,0.0,0.0,0.0
Layered body (10 actuators),movable_training_v5_rechecked,15000,15000,1.5264655142818795,0.0,1.5264655142818795,1.5264655142818795,1200.0,0.5503566784093246,0.0004586305653411038,1.0003566784093245,1.3717481797559339,0.0,0.0,0.0
Layered body (10 actuators),movable_training_v5_rechecked,20000,20000,3.694768862408547,0.0,3.694768862408547,3.694768862408547,1200.0,0.7744187190370302,0.0006453489325308585,1.2244187190370301,2.426439026670211,1.0,0.14285714285714285,0.0
Layered body (10 actuators),movable_training_v5_rechecked,25000,25000,0.8463096076332295,0.0,0.8463096076332295,0.8463096076332295,1200.0,-0.21931194927856854,-0.00018275995773214045,0.23068805072143148,1.3743350391140243,0.0,0.0,0.0
Layered body (10 actuators),movable_training_v5_rechecked,30000,30000,4.07367104742802,0.0,4.07367104742802,4.07367104742802,1200.0,1.4939758451475402,0.0012449798709562834,1.9439758451475402,2.0015086731420006,1.0,0.14285714285714285,0.0
Layered body (10 actuators),movable_training_v5_rechecked,35000,35000,1.8321979628924898,0.0,1.8321979628924898,1.8321979628924898,1200.0,0.7714044203912285,0.0006428370169926904,1.2214044203912284,1.3876696538574205,0.0,0.0,0.0
Layered body (10 actuators),movable_training_v5_rechecked,40000,40000,8.767419984034515,0.0,8.767419984034515,8.767419984034515,1200.0,2.878380128846779,0.002398650107372316,3.328380128846779,3.395967490144898,2.0,0.2857142857142857,0.0
Layered body (10 actuators),com_clearance_finetune_v6,5000,45000,4.615397625074035,0.0,4.615397625074035,4.615397625074035,1200.0,1.541660185670164,0.0012847168213918033,1.991660185670164,2.1908535968724068,1.0,0.14285714285714285,0.0
Layered body (10 actuators),com_clearance_finetune_v6,10000,50000,6.246027003211263,8.881784197001252e-16,6.246027003211262,6.246027003211262,1200.0,1.4376529893574912,0.0011980441577979096,1.8876529893574914,3.053334496923771,2.0,0.2857142857142857,0.0
Layered body (10 actuators),com_clearance_finetune_v6,15000,55000,7.025633059902016,8.881784197001252e-16,7.025633059902015,7.025633059902015,1200.0,1.3472896962110588,0.0011227414135092156,1.7972896962110587,2.938923237104536,2.0,0.2857142857142857,0.0
Layered body (10 actuators),com_clearance_finetune_v6,20000,60000,-0.09789711807957062,1.3877787807814457e-17,-0.0978971180795706,-0.0978971180795706,1200.0,-0.5752221393857442,-0.0004793517828214535,-0.12522213938574414,1.4195013378632566,0.0,0.0,0.0
Layered body (10 actuators),com_clearance_finetune_v6,25000,65000,4.890511330516216,0.0,4.890511330516216,4.890511330516216,1200.0,1.2550554340329587,0.001045879528360799,1.7050554340329587,2.435865686346258,1.0,0.14285714285714285,0.0
Layered body (10 actuators),com_clearance_finetune_v6,30000,70000,4.1805846776884765,0.0,4.1805846776884765,4.1805846776884765,1200.0,0.9594342206658122,0.0007995285172215102,1.4094342206658121,2.5078176526788107,1.0,0.14285714285714285,0.0
Layered body (10 actuators),com_clearance_finetune_v6,35000,75000,5.297937988913013,0.0,5.297937988913013,5.297937988913013,1200.0,1.8278018421607884,0.001523168201800657,2.2778018421607884,2.4493801995176496,1.0,0.14285714285714285,0.0
Layered body (10 actuators),com_clearance_finetune_v6,40000,80000,3.2720499245855255,0.0,3.2720499245855255,3.2720499245855255,1200.0,0.9897227209446807,0.0008247689341205671,1.4397227209446806,1.697597340802865,1.0,0.14285714285714285,0.0
Layered body (10 actuators),com_clearance_finetune_v6,45000,85000,3.134176259277673,0.0,3.134176259277673,3.134176259277673,1200.0,0.5345645418446672,0.00044547045153722265,0.9845645418446672,2.2170067217153413,1.0,0.14285714285714285,0.0
Layered body (10 actuators),com_clearance_finetune_v6,50000,90000,3.1699075440285776,4.440892098500626e-16,3.169907544028578,3.169907544028578,1200.0,0.7570480559783701,0.0006308733799819751,1.20704805597837,2.0904845296794927,1.0,0.14285714285714285,0.0
Layered body (10 actuators),com_clearance_finetune_v6,55000,95000,7.658776154102785,0.0,7.658776154102785,7.658776154102785,1200.0,2.559382458495075,0.0021328187154125624,3.0093824584950752,3.1530524396651463,2.0,0.2857142857142857,0.0
Layered body (10 actuators),com_clearance_finetune_v6,60000,100000,2.1373877380726896,0.0,2.1373877380726896,2.1373877380726896,1200.0,-0.22545940778878695,-0.00018788283982398913,0.22454059221121306,1.5134050533256762,1.0,0.14285714285714285,0.0
Layered body (10 actuators),com_clearance_finetune_v6,65000,105000,0.9728273594029154,1.1102230246251565e-16,0.9728273594029153,0.9728273594029153,1200.0,0.7794834814312148,0.0006495695678593457,1.2294834814312148,1.2294834814312148,0.0,0.0,0.0
Layered body (10 actuators),com_clearance_finetune_v6,70000,110000,1.0021891987974325,0.0,1.0021891987974325,1.0021891987974325,1200.0,0.7730728785683021,0.0006442273988069184,1.223072878568302,1.2257564237827745,0.0,0.0,0.0
Layered body (10 actuators),com_clearance_finetune_v6,75000,115000,1.2174689583462053,0.0,1.2174689583462053,1.2174689583462053,1200.0,0.8708464196520005,0.0007257053497100003,1.3208464196520004,1.3381570313486713,0.0,0.0,0.0
Layered body (10 actuators),com_clearance_finetune_v6,80000,120000,0.9433759786896143,0.0,0.9433759786896143,0.9433759786896143,1200.0,0.7460823326274367,0.0006217352771895307,1.1960823326274368,1.2458760178932409,0.0,0.0,0.0
Layered body (10 actuators),com_clearance_finetune_v6,85000,125000,0.9594960710950065,0.0,0.9594960710950065,0.9594960710950065,1200.0,0.7581003341580455,0.0006317502784650379,1.2081003341580454,1.2553048235274644,0.0,0.0,0.0
Layered body (10 actuators),com_clearance_finetune_v6,90000,130000,0.9092724758195772,0.0,0.9092724758195772,0.9092724758195772,1200.0,0.723365779399542,0.000602804816166285,1.173365779399542,1.1986898463997873,0.0,0.0,0.0
Layered body (10 actuators),com_clearance_finetune_v6,95000,135000,0.8701618414149368,0.0,0.8701618414149368,0.8701618414149368,1200.0,0.692084282061073,0.0005767369017175608,1.1420842820610728,1.1620659479558986,0.0,0.0,0.0
Layered body (10 actuators),com_clearance_finetune_v6,100000,140000,0.9692813059266143,0.0,0.9692813059266143,0.9692813059266143,1200.0,0.7727043028372259,0.0006439202523643549,1.2227043028372258,1.241394262473595,0.0,0.0,0.0
Layered body (10 actuators),com_clearance_finetune_v6,100352,140352,1.0164462180112044,0.0,1.0164462180112044,1.0164462180112044,1200.0,0.7866340341991668,0.0006555283618326389,1.2366340341991666,1.268358566519268,0.0,0.0,0.0
Original body (4 actuators),movable_training_v5_rechecked,0,0,1.3189211947332327,0.0,1.3189211947332327,1.3189211947332327,1200.0,0.932928157863256,0.0007774401315527133,1.382928157863256,1.4187163995654495,0.0,0.0,0.0
Original body (4 actuators),movable_training_v5_rechecked,5000,5000,3.3830532521484864,0.0,3.3830532521484864,3.3830532521484864,1200.0,1.049769797276109,0.0008748081643967575,1.499769797276109,1.51956814400303,1.0,0.14285714285714285,0.0
Original body (4 actuators),movable_training_v5_rechecked,10000,10000,7.030367268485886,0.0,7.030367268485886,7.030367268485886,1200.0,2.4647517803228687,0.002053959816935724,2.914751780322869,2.9228074247983122,2.0,0.2857142857142857,0.0
Original body (4 actuators),movable_training_v5_rechecked,15000,15000,7.1432121616867885,0.0,7.1432121616867885,7.1432121616867885,1200.0,2.3260476617794534,0.0019383730514828778,2.7760476617794536,2.7760476617794536,2.0,0.2857142857142857,0.0
Original body (4 actuators),movable_training_v5_rechecked,20000,20000,4.310539662737985,0.0,4.310539662737985,4.310539662737985,1200.0,1.833773489468934,0.001528144574557445,2.283773489468934,2.2935500991885838,1.0,0.14285714285714285,0.0
Original body (4 actuators),movable_training_v5_rechecked,25000,25000,7.9426685410759905,0.0,7.9426685410759905,7.9426685410759905,1200.0,2.893247012082327,0.0024110391767352725,3.343247012082327,3.343247012082327,2.0,0.2857142857142857,0.0
Original body (4 actuators),movable_training_v5_rechecked,30000,30000,7.72400368056701,0.0,7.72400368056701,7.72400368056701,1200.0,2.827144784365995,0.0023559539869716624,3.277144784365995,3.277144784365995,2.0,0.2857142857142857,0.0
Original body (4 actuators),movable_training_v5_rechecked,35000,35000,10.540456364774233,0.0,10.540456364774233,10.540456364774233,1200.0,3.3709207736637303,0.002809100644719775,3.8209207736637305,3.8209207736637305,3.0,0.42857142857142855,0.0
Original body (4 actuators),movable_training_v5_rechecked,40000,40000,8.40608103091789,0.0,8.40608103091789,8.40608103091789,1200.0,3.1554834976649193,0.0026295695813874326,3.6054834976649195,3.6054834976649195,2.0,0.2857142857142857,0.0
Original body (4 actuators),movable_training_v5_rechecked,45000,45000,8.233560485847834,0.0,8.233560485847834,8.233560485847834,1200.0,3.2552426171174,0.0027127021809311663,3.7052426171174,3.7443556576914454,2.0,0.2857142857142857,0.0
Original body (4 actuators),movable_training_v5_rechecked,50000,50000,8.177568935079984,0.0,8.177568935079984,8.177568935079984,1200.0,2.950367311664175,0.0024586394263868125,3.400367311664175,3.400367311664175,2.0,0.2857142857142857,0.0
Original body (4 actuators),movable_training_v5_rechecked,55000,55000,8.18555213740199,0.0,8.18555213740199,8.18555213740199,1200.0,3.0635959096905108,0.002552996591408759,3.513595909690511,3.513595909690511,2.0,0.2857142857142857,0.0
Original body (4 actuators),movable_training_v5_rechecked,60000,60000,7.192980544783085,0.0,7.192980544783085,7.192980544783085,1200.0,2.5615917663558587,0.0021346598052965488,3.011591766355859,3.0213081419789214,2.0,0.2857142857142857,0.0
Original body (4 actuators),movable_training_v5_rechecked,65000,65000,1.2584020880390043,0.0,1.2584020880390043,1.2584020880390043,1200.0,0.8865458999754259,0.0007387882499795216,1.3365458999754258,1.3417642596865897,0.0,0.0,0.0
Original body (4 actuators),movable_training_v5_rechecked,70000,70000,3.48273333739684,0.0,3.48273333739684,3.48273333739684,1200.0,1.0548250188140087,0.0008790208490116739,1.5048250188140087,1.5111013463681995,1.0,0.14285714285714285,0.0
Original body (4 actuators),movable_training_v5_rechecked,75000,75000,3.8597412096820642,0.0,3.8597412096820642,3.8597412096820642,1200.0,1.4930673773647178,0.0012442228144705983,1.9430673773647178,1.949667599160486,1.0,0.14285714285714285,0.0
Original body (4 actuators),movable_training_v5_rechecked,80000,80000,1.0016803545431674,0.0,1.0016803545431674,1.0016803545431674,1200.0,0.7534161226860934,0.0006278467689050778,1.2034161226860933,1.2144697963360602,0.0,0.0,0.0
Original body (4 actuators),movable_training_v5_rechecked,85000,85000,0.27500849632218743,0.0,0.27500849632218743,0.27500849632218743,1200.0,0.27500849632218743,0.0002291737469351562,0.7250084963221874,0.745802170323218,0.0,0.0,0.0
Original body (4 actuators),movable_training_v5_rechecked,90000,90000,3.8070212512345307,0.0,3.8070212512345307,3.8070212512345307,1200.0,1.5281799337394326,0.0012734832781161939,1.9781799337394326,1.9881132511416069,1.0,0.14285714285714285,0.0
Original body (4 actuators),movable_training_v5_rechecked,95000,95000,0.40451633764207434,0.0,0.40451633764207434,0.40451633764207434,1200.0,0.40451633764207434,0.00033709694803506197,0.8545163376420744,0.8681097423581919,0.0,0.0,0.0
Original body (4 actuators),movable_training_v5_rechecked,100000,100000,4.054616349664906,0.0,4.054616349664906,4.054616349664906,1200.0,1.6450142098735416,0.001370845174894618,2.0950142098735416,2.099159705389406,1.0,0.14285714285714285,0.0
Original body (4 actuators),movable_training_v5_rechecked,105000,105000,0.43056738231786723,0.0,0.43056738231786723,0.43056738231786723,1200.0,0.43056738231786723,0.000358806151931556,0.8805673823178672,0.8911517434338341,0.0,0.0,0.0
Original body (4 actuators),movable_training_v5_rechecked,110000,110000,7.802013892169505,0.0,7.802013892169505,7.802013892169505,1200.0,2.77533212942231,0.0023127767745185915,3.22533212942231,3.22533212942231,2.0,0.2857142857142857,0.0
Original body (4 actuators),movable_training_v5_rechecked,115000,115000,7.403156674450948,0.0,7.403156674450948,7.403156674450948,1200.0,2.726838036600812,0.002272365030500677,3.176838036600812,3.176838036600812,2.0,0.2857142857142857,0.0
Original body (4 actuators),movable_training_v5_rechecked,120000,120000,7.267729290621087,0.0,7.267729290621087,7.267729290621087,1200.0,2.4326712070957055,0.0020272260059130878,2.8826712070957057,2.8826712070957057,2.0,0.2857142857142857,0.0
Original body (4 actuators),movable_training_v5_rechecked,125000,125000,4.526243719212852,0.0,4.526243719212852,4.526243719212852,1200.0,1.8748828152959278,0.00156240234607994,2.3248828152959278,2.3309543045572756,1.0,0.14285714285714285,0.0
Original body (4 actuators),movable_training_v5_rechecked,130000,130000,7.707882927961217,0.0,7.707882927961217,7.707882927961217,1200.0,2.7661161871081927,0.0023050968225901605,3.216116187108193,3.216116187108193,2.0,0.2857142857142857,0.0
Original body (4 actuators),movable_training_v5_rechecked,135000,135000,7.284374543087054,0.0,7.284374543087054,7.284374543087054,1200.0,2.5345835510570893,0.002112152959214241,2.9845835510570895,2.9845835510570895,2.0,0.2857142857142857,0.0
Original body (4 actuators),movable_training_v5_rechecked,140000,140000,7.244131531708192,0.0,7.244131531708192,7.244131531708192,1200.0,2.4339653848763256,0.0020283044873969382,2.883965384876326,2.883965384876326,2.0,0.2857142857142857,0.0
Original body (4 actuators),movable_training_v5_rechecked,145000,145000,7.508294838286062,0.0,7.508294838286062,7.508294838286062,1200.0,2.576730970082798,0.0021472758084023318,3.0267309700827982,3.0267309700827982,2.0,0.2857142857142857,0.0
Original body (4 actuators),movable_training_v5_rechecked,150000,150000,7.923840049164188,0.0,7.923840049164188,7.923840049164188,1200.0,2.7722490971451865,0.0023102075809543223,3.2222490971451867,3.2222490971451867,2.0,0.2857142857142857,0.0
Original body (4 actuators),movable_training_v5_rechecked,155000,155000,0.6135074859524603,0.0,0.6135074859524603,0.6135074859524603,1200.0,0.46020980812460793,0.0003835081734371733,0.9102098081246079,1.062305739183461,0.0,0.0,0.0
Original body (4 actuators),movable_training_v5_rechecked,160000,160000,8.002299530184901,0.0,8.002299530184901,8.002299530184901,1200.0,2.8734359798151314,0.002394529983179276,3.3234359798151316,3.3234359798151316,2.0,0.2857142857142857,0.0
Original body (4 actuators),movable_training_v5_rechecked,165000,165000,7.870222904706871,0.0,7.870222904706871,7.870222904706871,1200.0,3.000224287231756,0.0025001869060264632,3.450224287231756,3.4739195790005177,2.0,0.2857142857142857,0.0
Original body (4 actuators),movable_training_v5_rechecked,170000,170000,7.863591579447916,0.0,7.863591579447916,7.863591579447916,1200.0,2.90788116963914,0.0024232343080326166,3.35788116963914,3.3676212931380034,2.0,0.2857142857142857,0.0
Original body (4 actuators),movable_training_v5_rechecked,175000,175000,8.669397000934637,0.0,8.669397000934637,8.669397000934637,1200.0,3.2415849680794224,0.002701320806732852,3.6915849680794226,3.6915849680794226,2.0,0.2857142857142857,0.0
Original body (4 actuators),movable_training_v5_rechecked,180000,180000,10.709471646676384,0.0,10.709471646676384,10.709471646676384,1200.0,3.546437733896743,0.002955364778247286,3.996437733896743,4.017283948593097,3.0,0.42857142857142855,0.0
Original body (4 actuators),com_clearance_finetune_v6,5000,185000,8.32841717400858,0.0,8.32841717400858,8.32841717400858,1200.0,3.116243105785142,0.0025968692548209516,3.566243105785142,3.5748827241426766,2.0,0.2857142857142857,0.0
Original body (4 actuators),com_clearance_finetune_v6,10000,190000,7.47299751608359,8.881784197001252e-16,7.4729975160835895,7.4729975160835895,1200.0,2.655309551763754,0.0022127579598031286,3.1053095517637543,3.1053095517637543,2.0,0.2857142857142857,0.0
Original body (4 actuators),com_clearance_finetune_v6,15000,195000,8.411622540522814,0.0,8.411622540522814,8.411622540522814,1200.0,3.1337685605413808,0.0026114738004511507,3.583768560541381,3.5918105370047626,2.0,0.2857142857142857,0.0
Original body (4 actuators),com_clearance_finetune_v6,20000,200000,8.616579121629464,0.0,8.616579121629464,8.616579121629464,1200.0,3.29635834440973,0.0027469652870081083,3.7463583444097304,3.7463583444097304,2.0,0.2857142857142857,0.0
Original body (4 actuators),com_clearance_finetune_v6,25000,205000,10.73781411198978,0.0,10.73781411198978,10.73781411198978,1200.0,3.4088601901188658,0.0028407168250990547,3.858860190118866,3.858860190118866,3.0,0.42857142857142855,0.0
Original body (4 actuators),com_clearance_finetune_v6,30000,210000,8.397776909481136,0.0,8.397776909481136,8.397776909481136,1200.0,3.219466503059666,0.0026828887525497222,3.6694665030596667,3.7178609607818474,2.0,0.2857142857142857,0.0
Original body (4 actuators),com_clearance_finetune_v6,35000,215000,4.985860102572299,0.0,4.985860102572299,4.985860102572299,1200.0,2.050465552845523,0.001708721294037936,2.5004655528455233,2.510460309813426,1.0,0.14285714285714285,0.0
Original body (4 actuators),com_clearance_finetune_v6,40000,220000,8.204794602957929,0.0,8.204794602957929,8.204794602957929,1200.0,3.095011853179479,0.0025791765443162326,3.545011853179479,3.545011853179479,2.0,0.2857142857142857,0.0
Original body (4 actuators),com_clearance_finetune_v6,45000,225000,7.959881936783379,0.0,7.959881936783379,7.959881936783379,1200.0,2.9199635040330434,0.002433302920027536,3.3699635040330436,3.3699635040330436,2.0,0.2857142857142857,0.0
Original body (4 actuators),com_clearance_finetune_v6,50000,230000,7.833613321670943,8.881784197001252e-16,7.833613321670944,7.833613321670944,1200.0,2.766991250860291,0.002305826042383576,3.2169912508602914,3.2169912508602914,2.0,0.2857142857142857,0.0
Original body (4 actuators),com_clearance_finetune_v6,55000,235000,7.835565389707646,0.0,7.835565389707646,7.835565389707646,1200.0,2.7702244313050364,0.002308520359420864,3.2202244313050365,3.22216208169484,2.0,0.2857142857142857,0.0
Original body (4 actuators),com_clearance_finetune_v6,60000,240000,4.844824640414068,0.0,4.844824640414068,4.844824640414068,1200.0,2.1399637881357982,0.001783303156779832,2.5899637881357984,2.5906206380255465,1.0,0.14285714285714285,0.0
Original body (4 actuators),com_clearance_finetune_v6,65000,245000,8.493798873042715,0.0,8.493798873042715,8.493798873042715,1200.0,3.3011200384438464,0.002750933365369872,3.751120038443846,3.751120038443846,2.0,0.2857142857142857,0.0
Original body (4 actuators),com_clearance_finetune_v6,70000,250000,7.957180978916436,0.0,7.957180978916436,7.957180978916436,1200.0,2.9406962619551966,0.002450580218295997,3.390696261955197,3.3925914452912083,2.0,0.2857142857142857,0.0
Original body (4 actuators),com_clearance_finetune_v6,75000,255000,4.664554825669402,0.0,4.664554825669402,4.664554825669402,1200.0,2.0078341252212346,0.001673195104351029,2.457834125221235,2.458344105095835,1.0,0.14285714285714285,0.0
Original body (4 actuators),com_clearance_finetune_v6,80000,260000,8.207172770241062,0.0,8.207172770241062,8.207172770241062,1200.0,3.136864037741096,0.0026140533647842474,3.5868640377410963,3.5868640377410963,2.0,0.2857142857142857,0.0
Original body (4 actuators),com_clearance_finetune_v6,85000,265000,8.132335680506976,0.0,8.132335680506976,8.132335680506976,1200.0,2.9965252077820175,0.002497104339818348,3.446525207782018,3.446525207782018,2.0,0.2857142857142857,0.0
Original body (4 actuators),com_clearance_finetune_v6,90000,270000,8.165320617317136,0.0,8.165320617317136,8.165320617317136,1200.0,3.1241281253991975,0.0026034401044993313,3.574128125399197,3.574128125399197,2.0,0.2857142857142857,0.0
Original body (4 actuators),com_clearance_finetune_v6,95000,275000,8.260113431982074,0.0,8.260113431982074,8.260113431982074,1200.0,3.05076855680108,0.002542307130667567,3.5007685568010807,3.5007685568010807,2.0,0.2857142857142857,0.0
Original body (4 actuators),com_clearance_finetune_v6,100000,280000,8.153264286118393,0.0,8.153264286118393,8.153264286118393,1200.0,2.966091964171742,0.0024717433034764516,3.4160919641717427,3.4160919641717427,2.0,0.2857142857142857,0.0
Original body (4 actuators),com_clearance_finetune_v6,100352,280352,8.273203130944802,0.0,8.273203130944802,8.273203130944802,1200.0,2.8335443544754164,0.0023612869620628476,3.283544354475417,3.283544354475417,2.0,0.2857142857142857,0.0
